{
  "globalDependencies": {
    "bcryptjs": "registry:dt/bcryptjs#2.3.0+20151217030501",
    "body-parser": "registry:dt/body-parser#0.0.0+20160619023215",
    "express": "registry:dt/express#4.0.0+20160708185218",
    "jsonwebtoken": "registry:dt/jsonwebtoken#0.0.0+20160720062725",
    "mocha": "registry:dt/mocha#2.2.5+20160720003353",
    "mongoose": "registry:dt/mongoose#4.5.9+20161010180758",
    "morgan": "registry:dt/morgan#1.7.0+20160524142355",
    "node": "registry:dt/node#6.0.0+20161019125345",
    "nodemailer": "registry:dt/nodemailer#1.3.2+20160811111312",
    "should": "registry:dt/should#8.1.1+20160608082854",
    "supertest": "registry:dt/supertest#1.1.0+20160724070541"
  }
}
